id,name,username,email,roles,profileImageId,isEnabled,lastLogin
1,John Martinez,brent21,qhubbard@example.org,RELIGIOUS_ENTITY,profile1.jpg,False,2001-01-03T22:54:20
2,Kim Flores,dawsonbruce,brandtdenise@example.com,"GOVERNMENT, ADMIN",profile2.jpg,False,2014-11-26T03:02:43
3,Jennifer Alvarez,johnmcneil,rogerrowe@example.net,"RELIGIOUS_ENTITY, PERSON",profile3.jpg,True,1984-12-29T22:54:13
4,Katie Fleming,samanthawilliams,crystal94@example.org,ADMIN,profile4.jpg,True,2020-07-31T03:16:01
5,Marilyn Gomez,brettkelly,bellpaul@example.net,"NON_PROFIT, PERSON",profile5.jpg,True,2019-09-19T18:46:53
6,Tasha Martin,ecase,dannyeverett@example.org,"SOCIAL_MOVEMENT, PERSON",profile6.jpg,True,1996-10-07T14:27:25
7,Laura Taylor,anthony89,susan84@example.com,"ADMIN, SOCIAL_MOVEMENT",profile7.jpg,False,1980-08-19T04:21:36
8,Michele Whitney,michelleharrison,juan77@example.net,NON_PROFIT,profile8.jpg,False,2022-03-29T16:23:48
9,Nicole Winters,uburke,amandawalker@example.com,ENTERPRISE,profile9.jpg,False,1970-06-23T02:55:39
10,Kenneth Petty,david33,tiffanysmith@example.net,ADMIN,profile10.jpg,False,1983-02-06T23:59:20
11,Jose Henderson,christinebrock,thorntondaniel@example.com,"ADMIN, SOCIAL_MOVEMENT",profile11.jpg,False,1992-02-05T13:06:09
12,Dominic Arnold,zstein,brianporter@example.net,ADMIN,profile12.jpg,False,1973-06-29T07:14:44
13,Olivia Villarreal,darrylblack,chelseamiller@example.org,"PERSON, RELIGIOUS_ENTITY",profile13.jpg,False,2003-02-18T09:15:31
14,Monica Flores,pottscathy,belinda93@example.com,"GOVERNMENT, NON_PROFIT",profile14.jpg,True,2015-10-16T13:56:12
15,Kimberly Riddle,matthew07,fowleralexander@example.org,"RELIGIOUS_ENTITY, SOCIAL_MOVEMENT",profile15.jpg,True,2015-01-16T09:41:49
16,Rebecca Bowers,scontreras,joelbrown@example.org,"ENTERPRISE, SOCIAL_MOVEMENT",profile16.jpg,False,2019-07-03T15:49:47
17,Cynthia Richardson,jameswaters,mweaver@example.org,"ENTERPRISE, PERSON",profile17.jpg,False,1988-10-31T18:40:43
18,Crystal Kline,nelsongail,kevinmills@example.net,ENTERPRISE,profile18.jpg,False,1984-10-08T05:15:58
19,Maurice Harrison,malonedawn,bvalencia@example.org,ADMIN,profile19.jpg,True,1970-05-27T13:02:40
20,Jill Curtis,lisa34,scantu@example.com,GOVERNMENT,profile20.jpg,True,1971-05-12T22:31:06
21,Stacey Hall,hunterlee,gabriel04@example.com,"ADMIN, PERSON",profile21.jpg,False,1982-03-28T03:11:27
22,James Harris,karensanchez,cmarshall@example.org,"NON_PROFIT, ADMIN",profile22.jpg,True,1997-01-09T06:30:57
23,Joshua Nguyen,tylerfisher,millsjason@example.com,NON_PROFIT,profile23.jpg,False,1972-08-06T08:34:42
24,Pamela Garcia,harperchristopher,wbennett@example.com,"ADMIN, GOVERNMENT",profile24.jpg,False,1975-06-30T23:59:51
25,Christy Mitchell,valdezleslie,ubailey@example.net,"NON_PROFIT, RELIGIOUS_ENTITY",profile25.jpg,False,2011-04-13T11:24:38
26,Ronald Carney,amanda21,eric98@example.org,ADMIN,profile26.jpg,False,1996-08-16T10:41:45
27,Denise Potter,sandra77,amberwelch@example.org,ENTERPRISE,profile27.jpg,False,2002-09-20T01:15:39
28,Denise Long,lisaharrison,churchmarcus@example.com,"PERSON, NON_PROFIT",profile28.jpg,True,1981-06-01T15:39:33
29,Rebecca Myers,jkennedy,dhopkins@example.net,"SOCIAL_MOVEMENT, GOVERNMENT",profile29.jpg,True,1974-12-30T16:41:14
30,Edward Gilbert,reginaproctor,owensgeorge@example.com,RELIGIOUS_ENTITY,profile30.jpg,True,1989-09-14T19:37:56
31,Kevin Rodriguez,brittanynewton,kristen15@example.com,"GOVERNMENT, ADMIN",profile31.jpg,False,2013-09-27T13:06:23
32,Austin Edwards,jeromechan,ricestephanie@example.com,PERSON,profile32.jpg,True,1971-05-28T06:18:53
33,Yolanda Nelson,thorntonmichael,heather50@example.org,PERSON,profile33.jpg,False,1994-12-30T09:47:52
34,Jason Nguyen,beardadam,jacobthompson@example.org,"GOVERNMENT, PERSON",profile34.jpg,False,1984-02-08T15:43:36
35,Robert Lopez,brittany82,kaylee79@example.net,"ENTERPRISE, RELIGIOUS_ENTITY",profile35.jpg,False,2002-03-14T02:57:56
36,Susan Perry,zthompson,scarter@example.org,"NON_PROFIT, ADMIN",profile36.jpg,True,1987-09-02T17:34:33
37,Scott Costa,shannon62,vmccall@example.org,ENTERPRISE,profile37.jpg,True,2016-06-14T15:19:01
38,Kyle Brown,angelaayala,ihernandez@example.com,"NON_PROFIT, GOVERNMENT",profile38.jpg,True,1971-05-25T00:30:11
39,Jennifer Graham,larsonrussell,joymiller@example.org,GOVERNMENT,profile39.jpg,True,2003-09-17T03:49:36
40,Omar Gilmore,deniseday,donaldwilliamson@example.org,SOCIAL_MOVEMENT,profile40.jpg,True,1972-02-07T19:18:25
41,Shawn Craig,martintyler,sarahcrane@example.net,"RELIGIOUS_ENTITY, SOCIAL_MOVEMENT",profile41.jpg,True,1999-05-05T23:21:03
42,Erika Evans,stephendavis,joseph54@example.net,RELIGIOUS_ENTITY,profile42.jpg,True,1994-03-23T02:32:43
43,Joseph Singleton,scotttammy,ygraham@example.com,"PERSON, ENTERPRISE",profile43.jpg,True,2015-01-16T09:36:48
44,Olivia Bond,tchurch,tsanders@example.com,SOCIAL_MOVEMENT,profile44.jpg,False,2008-03-27T19:47:27
45,Christopher Martinez,griffinlarry,twright@example.net,RELIGIOUS_ENTITY,profile45.jpg,False,2024-02-07T05:14:18
46,Jeffrey Serrano,jill98,dylan54@example.com,"RELIGIOUS_ENTITY, ADMIN",profile46.jpg,True,1976-11-26T05:29:50
47,Andrew Joseph,parkerwesley,lhernandez@example.org,ADMIN,profile47.jpg,False,1986-07-02T17:06:03
48,Marilyn Gardner,justin62,amanda80@example.com,ENTERPRISE,profile48.jpg,False,1971-12-17T07:22:41
49,Brian Lopez,eadkins,hcollins@example.net,"NON_PROFIT, PERSON",profile49.jpg,False,1981-07-20T17:11:03
50,Katherine Gordon,cindy60,sophiarivas@example.net,"SOCIAL_MOVEMENT, GOVERNMENT",profile50.jpg,True,2020-02-02T00:51:09
51,Destiny Lynch,stevenwright,vhernandez@example.com,PERSON,profile51.jpg,True,1987-09-22T04:39:56
52,Jon Castillo,traci44,adamvega@example.org,ADMIN,profile52.jpg,False,1988-10-23T08:33:57
53,James Richardson,dsimon,oliviawhitaker@example.org,"SOCIAL_MOVEMENT, ENTERPRISE",profile53.jpg,True,1982-10-19T13:37:48
54,Jonathan Barker,austin12,robert17@example.net,"GOVERNMENT, PERSON",profile54.jpg,True,1995-04-21T23:25:48
55,Brandy Smith,tiffany40,christopher93@example.org,SOCIAL_MOVEMENT,profile55.jpg,True,1999-11-04T10:25:22
56,Megan Martin,bradley78,susansingleton@example.org,"GOVERNMENT, RELIGIOUS_ENTITY",profile56.jpg,True,2005-07-05T21:56:15
57,Timothy Robinson,joshua13,pberg@example.com,NON_PROFIT,profile57.jpg,False,1989-06-17T03:55:55
58,Cameron Hill,virginiatran,cooperkeith@example.org,GOVERNMENT,profile58.jpg,False,2002-01-27T17:09:07
59,Jeremy Schmidt,macdonaldlori,houstonbrittany@example.org,GOVERNMENT,profile59.jpg,False,1991-09-20T04:21:45
60,Pamela Leonard,rubenerickson,aaronbrown@example.com,"SOCIAL_MOVEMENT, ADMIN",profile60.jpg,True,2000-06-30T22:04:36
61,Elizabeth Ross,cody88,heatherreed@example.net,"NON_PROFIT, SOCIAL_MOVEMENT",profile61.jpg,False,2001-01-16T19:22:48
62,Lisa Castro,christinadavid,marisa03@example.net,ENTERPRISE,profile62.jpg,False,2010-07-28T03:02:45
63,Patrick Shields,currymichael,ebonygallagher@example.org,"RELIGIOUS_ENTITY, GOVERNMENT",profile63.jpg,False,2016-12-23T04:47:58
64,William Terrell,williemcclain,joshuanorton@example.org,"RELIGIOUS_ENTITY, GOVERNMENT",profile64.jpg,True,1996-08-26T11:13:08
65,Dana Wood,lucascourtney,zcain@example.com,"NON_PROFIT, RELIGIOUS_ENTITY",profile65.jpg,True,2023-10-16T01:28:27
66,Mark Carter,thompsonlindsey,andrew89@example.com,GOVERNMENT,profile66.jpg,False,2021-04-11T16:44:39
67,Curtis Murillo,jwilson,allisonalexander@example.net,NON_PROFIT,profile67.jpg,True,2023-11-07T17:00:56
68,Brent Mendoza,petersenbreanna,jeff92@example.org,GOVERNMENT,profile68.jpg,True,2000-05-28T06:26:45
69,Brandi Orr,courtneyking,tristan47@example.org,GOVERNMENT,profile69.jpg,True,1970-09-15T03:11:10
70,Holly Oliver,nguzman,vasquezsteven@example.net,ADMIN,profile70.jpg,True,1997-05-25T05:07:18
71,Michelle Chandler,carol77,vdelgado@example.org,ENTERPRISE,profile71.jpg,True,1976-07-15T09:59:27
72,Marcus Williams,brianabell,pdelacruz@example.net,"SOCIAL_MOVEMENT, PERSON",profile72.jpg,False,1999-11-03T09:57:48
73,William Nguyen,andrewbray,jonathanmartinez@example.org,"GOVERNMENT, SOCIAL_MOVEMENT",profile73.jpg,True,1999-06-14T14:23:52
74,John Bird,lmcbride,kinghannah@example.net,ADMIN,profile74.jpg,False,1998-07-21T07:49:28
75,Mia Massey,christopher86,gbowen@example.org,"ADMIN, ENTERPRISE",profile75.jpg,True,2014-05-12T21:49:40
76,Adam Gonzalez,youngfrances,okline@example.net,"SOCIAL_MOVEMENT, PERSON",profile76.jpg,False,1985-06-09T17:57:03
77,Annette Rubio,scottjuan,mmartin@example.com,ENTERPRISE,profile77.jpg,True,2003-11-29T16:00:50
78,Alexander Floyd,ianaustin,sheila86@example.net,"PERSON, ADMIN",profile78.jpg,False,1972-04-23T18:04:07
79,Mr. Adam Thomas DDS,wbooth,gross@example.org,"GOVERNMENT, RELIGIOUS_ENTITY",profile79.jpg,True,2020-05-06T21:55:24
80,Nicholas Huber,adamhoward,anthonywallace@example.net,"GOVERNMENT, RELIGIOUS_ENTITY",profile80.jpg,True,2007-06-30T01:54:04
81,Brittany Fleming,ghaynes,timothy17@example.org,"ENTERPRISE, ADMIN",profile81.jpg,True,1974-08-05T13:52:13
82,Calvin Mcguire,rhart,druiz@example.net,"PERSON, SOCIAL_MOVEMENT",profile82.jpg,True,1987-11-17T07:18:24
83,Elizabeth Guzman,tracy88,danielle68@example.org,"NON_PROFIT, GOVERNMENT",profile83.jpg,False,2009-08-14T00:50:24
84,Crystal Maldonado,amyfry,angelicaroberts@example.org,"GOVERNMENT, NON_PROFIT",profile84.jpg,True,2010-10-05T11:53:48
85,Jaime Patterson,brandiwilliams,eric61@example.com,GOVERNMENT,profile85.jpg,True,2023-07-24T19:32:04
86,Sarah Santiago,matthew25,tashacruz@example.net,NON_PROFIT,profile86.jpg,True,1987-07-30T18:28:59
87,Stephanie Robinson,mejiacarol,cindyfarrell@example.com,"ENTERPRISE, SOCIAL_MOVEMENT",profile87.jpg,False,2015-09-25T10:18:50
88,Gregory Atkinson,uking,amercado@example.net,ADMIN,profile88.jpg,False,1986-10-18T23:58:49
89,Paul Roberson,kkelley,derrickrobinson@example.com,PERSON,profile89.jpg,True,1988-03-15T01:53:13
90,Randall Baker,nnorman,blackmichelle@example.net,"PERSON, ADMIN",profile90.jpg,True,1985-11-17T06:50:37
91,Scott Hayes,billmiller,whitecorey@example.com,"NON_PROFIT, SOCIAL_MOVEMENT",profile91.jpg,False,1998-04-16T21:45:56
92,Jessica Cruz,christopher40,bhernandez@example.net,"SOCIAL_MOVEMENT, NON_PROFIT",profile92.jpg,True,1975-07-29T16:17:36
93,Michael Robinson,staffordcarmen,brentnichols@example.net,PERSON,profile93.jpg,True,2008-01-25T22:14:31
94,Ronald Wells,hansonkenneth,howardgerald@example.org,"PERSON, NON_PROFIT",profile94.jpg,False,1989-06-18T16:02:52
95,James Chavez,justinreid,johnsonsteven@example.net,RELIGIOUS_ENTITY,profile95.jpg,True,2016-05-16T11:48:59
96,Michael Sullivan,nicholas77,iwelch@example.net,RELIGIOUS_ENTITY,profile96.jpg,False,1980-06-25T22:18:58
97,Michael Richmond,thomas37,mary56@example.org,"SOCIAL_MOVEMENT, ENTERPRISE",profile97.jpg,True,2008-03-19T14:55:16
98,Christine Edwards,kimberlybeard,djones@example.net,"GOVERNMENT, ADMIN",profile98.jpg,False,2024-01-20T14:13:45
99,Stephen Brown,garrettjulie,jennifer40@example.com,"PERSON, ADMIN",profile99.jpg,True,2016-06-02T23:01:13
100,Linda Ramos,qbutler,maria18@example.org,"ENTERPRISE, ADMIN",profile100.jpg,False,1988-03-17T11:17:11
